$6SRIMPSPECIAL,shib,shib
bob burger,shib,shib
hi chaz,shib,shib
james borgt,007,vix
Citroen C4,:c4:,vix
cat,Arch,vix
Grub,Arch,vix
i use arch btww,Arch,vix
pacman,Arch,vix
Xfce4,Arch,vix
102.3 STIM FM,ATSM,vix
lil baby man,baby,vix
Activision sux,BASE,vix
Bone,BLD,vix
Scourge,BLD,vix
Walter White,BrBa,vix
Saul Goodman,BRBD,vix
eternal butter,BUTR,vix
Maxwell,CAT,vix
bobr.lol.2007,CHLD,vix
Euvias,CoS,vix
Fellisio,CoS,vix
Flixlit,CoS,vix
Ghibli,CoS,vix
Gnolrok,CoS,vix
Gobli,CoS,vix
Gramoss,CoS,vix
Kendyll,CoS,vix
Saukuryn,CoS,vix
Sochuri,CoS,vix
Vaumora,CoS,vix
Verza,CoS,vix
strcpy,CPP,vix
PCI Express,CTMS,vix
fine china,CUPS,vix
BONE WAGON,DD,vix
Brokenstar,DF,vix
Hawkfrost,DF,vix
Thistleclaw,DF,vix
Tigerstar,DF,vix
Gammamon,DGMN,vix
All of them,DKC,vix
TheBiggerWitch,DKC,vix
TheBigWitch,DKC,vix
TheTallDoctor,DKC,vix
i miss my wife,DVRC,vix
wet cardboard,EW,vix
Fish,Fish,vix
i need men,gay,vix
npm install,git,vix
bath community,GLCH,vix
glass beach,GLCH,vix
salted apple,GROS,vix
4hr videoessay,HBmb,vix
spell ICUP,ICUP,vix
1.79e308,INFT,vix
Bonnie,ISaT,vix
Siffrin,ISaT,vix
Caps Lock,KEY,vix
Smudge,KTPT,vix
LB Life's Bad,LB,vix
Barley,LONR,vix
Ravenpaw,LONR,vix
McD's at home,McDs,vix
Aderall,MEDS,vix
Jetstream Sam,MGR,vix
Monsoon,MGR,vix
Sen. Armstrong,MGR,vix
Sundowner,MGR,vix
0-3 sad onions,MITH,vix
Sardine dinner,MITH,vix
Excel,MSFT,vix
Powerpoint,MSFT,vix
Word,MSFT,vix
Jeff,MyNm,vix
cereal box,nick,vix
Brexit,NoEU,vix
DrOppenheimer,NUKE,vix
send nukes,NUKE,vix
Caledric,OS,vix
green rue,OS,vix
Magpie,OS,vix
Python 3.11.4,pip,vix
Delphox,PKMN,vix
Furret,PKMN,vix
Hisui Zoroark,PKMN,vix
Lucario,PKMN,vix
Mega Mewtwo X,PKMN,vix
Mega Mewtwo Y,PKMN,vix
Miraidon,PKMN,vix
Sneasel,PKMN,vix
Prize Machine,PKMU,vix
r/oneshot,REDT,vix
Bive,REGV,vix
fafa,REGV,vix
Split,REGV,vix
Crookedstar,RIVR,vix
Leopardstar,RIVR,vix
Mistyfoot,RIVR,vix
Onestar,RIVR,vix
Stonefur,RIVR,vix
Darkstripe,ROUG,vix
Sol,ROUG,vix
Nebula Error,SBZ,vix
salami shaving,SCAM,vix
Blackstar,SHDW,vix
Tawnypelt,SHDW,vix
Dodge Neon,Shit,vix
Honda Civic,Shit,vix
Zastava Yugo,SHIT,vix
money > women,SIGM,vix
Bubble Sort,SORT,vix
Bluestar,STAR,vix
Lionheart,STAR,vix
Mosskit,STAR,vix
Shrewpaw,STAR,vix
Snowfur,STAR,vix
Spottedleaf,STAR,vix
Tallstar,STAR,vix
Whitestorm,STAR,vix
soldier tf2,TF2,vix
Ashfur,THDR,vix
Bramblestar,THDR,vix
Brightheart,THDR,vix
Brook,THDR,vix
Cloudtail,THDR,vix
Firestar,THDR,vix
Greystripe,THDR,vix
Hollyleaf,THDR,vix
Jayfeather,THDR,vix
Leafpool,THDR,vix
Lionblaze,THDR,vix
Longtail,THDR,vix
Moonpaw,THDR,vix
Sandstorm,THDR,vix
Squirrelflight,THDR,vix
Stormfur,THDR,vix
estrogen,traa,vix
testosterone,traa,vix
Swordsmachine,UKLL,vix
Congress,USA,vix
House of Reps.,USA,vix
TheWhiteHouse,USA,vix
F-14 Tomcat,USAF,vix
sand undergale,UT,vix
Sony Vegas Pro,VEGS,vix
Kerfus,VotV,vix
desktop.ini,WDWS,vix
pagefile.sys,WDWS,vix
Recycle Bin,WDWS,vix
SysWOW64,WDWS,vix
5th Weezer,WEZR,vix
Crowfeather,WIND,vix
4 for $4,Wndy,vix
sumolounge.com,www.,vix
XBOX LIVE,XBOX,vix
